<?xml version="1.0" encoding="UTF-8" standalone="no"?>
<odb>
	<odbtype type="WebHelp"/>
	<language name="en_US"/>
	<index type="TopicIndex" url="topictableindex.xml"/>
	<index type="PackageIndex" url="packageindex.xml"/>
	<index type="Synonym" url="synonym.xml"/>
	<files>
		<file url="whxdata\package_0_xml.js"/>
		<file url="whxdata\package_1_xml.js"/>
		<file url="whxdata\package_2_xml.js"/>
		<file url="whxdata\package_3_xml.js"/>
		<file url="whxdata\package_4_xml.js"/>
		<file url="whxdata\package_5_xml.js"/>
		<file url="whxdata\package_6_xml.js"/>
		<file url="whxdata\package_7_xml.js"/>
		<file url="whxdata\package_8_xml.js"/>
		<file url="whxdata\package_9_xml.js"/>
		<file url="whxdata\package_10_xml.js"/>
		<file url="whxdata\package_11_xml.js"/>
		<file url="whxdata\package_12_xml.js"/>
		<file url="whxdata\package_13_xml.js"/>
		<file url="whxdata\package_14_xml.js"/>
		<file url="whxdata\package_15_xml.js"/>
		<file url="whxdata\package_16_xml.js"/>
		<file url="whxdata\package_17_xml.js"/>
		<file url="whxdata\package_18_xml.js"/>
		<file url="whxdata\package_19_xml.js"/>
		<file url="whxdata\package_20_xml.js"/>
		<file url="whxdata\package_21_xml.js"/>
		<file url="whxdata\package_22_xml.js"/>
		<file url="whxdata\package_23_xml.js"/>
		<file url="whxdata\package_24_xml.js"/>
		<file url="whxdata\package_25_xml.js"/>
		<file url="whxdata\package_26_xml.js"/>
		<file url="whxdata\package_27_xml.js"/>
		<file url="whxdata\package_28_xml.js"/>
		<file url="whxdata\package_29_xml.js"/>
		<file url="whxdata\package_30_xml.js"/>
		<file url="whxdata\package_31_xml.js"/>
		<file url="whxdata\package_32_xml.js"/>
		<file url="whxdata\package_33_xml.js"/>
		<file url="whxdata\package_34_xml.js"/>
		<file url="whxdata\package_35_xml.js"/>
		<file url="whxdata\package_36_xml.js"/>
		<file url="whxdata\package_37_xml.js"/>
		<file url="whxdata\package_38_xml.js"/>
		<file url="whxdata\package_39_xml.js"/>
		<file url="whxdata\package_40_xml.js"/>
		<file url="whxdata\package_41_xml.js"/>
		<file url="whxdata\package_42_xml.js"/>
		<file url="whxdata\package_43_xml.js"/>
		<file url="whxdata\package_44_xml.js"/>
		<file url="whxdata\packageindex_xml.js"/>
		<file url="whxdata\synonym.xml"/>
		<file url="whxdata\synonym_xml.js"/>
		<file url="whxdata\topictable_0_xml.js"/>
		<file url="whxdata\topictable_1_xml.js"/>
		<file url="whxdata\topictable_2_xml.js"/>
		<file url="whxdata\topictable_3_xml.js"/>
		<file url="whxdata\topictable_4_xml.js"/>
		<file url="whxdata\topictable_5_xml.js"/>
		<file url="whxdata\topictable_6_xml.js"/>
		<file url="whxdata\topictableindex_xml.js"/>
		<file url="whxdata\whfts.xml"/>
		<file url="whxdata\whfts_xml.js"/>
	</files>
</odb>